tweet_id|datetime|text|user_id|screen_name|full_name|user_created|followers_count|user_verified|user_location|likes|retweet_count|bookmark_count|quote_count|hashtags|cashtags|mentions|language|coodinates|quoted_tweet_id
1658260967954759681|2023-05-15 23:59:58+00:00|milton is now unable to pay his bills with bitcoin because the fees on the network have soared due to ordinals and brc20 sad|503605162|ETHInformer|ETH Informer|2012-02-25 21:56:44+00:00|1761|False|Earth|1|0|0|0|||[User(username='DocumentingBTC', id=1337780902680809474, displayname='Documenting ‚Çøitcoin üìÑ', rawDescription=None, renderedDescription=None, descriptionLinks=None, verified=None, created=None, followersCount=None, friendsCount=None, statusesCount=None, favouritesCount=None, listedCount=None, mediaCount=None, location=None, protected=None, link=None, profileImageUrl=None, profileBannerUrl=None, label=None, blue=None, blueType=None)]|en||
1658260960660815873|2023-05-15 23:59:56+00:00|passionate about orangepilling want to do it in a friendly and welcoming way interested in building a community of new bitcoiners to help and support one another wed love to hear from you dm us or message with any questions 22|1205695783296622592|hello_bitcoin|Hello Bitcoin|2019-12-14 03:47:42+00:00|8434|False||5|1|0|0|||[User(username='RabbitHolePleb', id=941751123442110465, displayname='Tom Gaffny', rawDescription=None, renderedDescription=None, descriptionLinks=None, verified=None, created=None, followersCount=None, friendsCount=None, statusesCount=None, favouritesCount=None, listedCount=None, mediaCount=None, location=None, protected=None, link=None, profileImageUrl=None, profileBannerUrl=None, label=None, blue=None, blueType=None)]|en||
1658260953031426048|2023-05-15 23:59:54+00:00|lmao|1255117341001691136|lane_at_swan|Lane üü†ü¶¢|2020-04-28 12:51:25+00:00|2125|False|Chicago, IL|2|0|0|0|||[User(username='DzambhalaHODL', id=944001536866312192, displayname='Steven Lubka', rawDescription=None, renderedDescription=None, descriptionLinks=None, verified=None, created=None, followersCount=None, friendsCount=None, statusesCount=None, favouritesCount=None, listedCount=None, mediaCount=None, location=None, protected=None, link=None, profileImageUrl=None, profileBannerUrl=None, label=None, blue=None, blueType=None), User(username='edstromandrew', id=918695525335015424, displayname='Andy Edstrom', rawDescription=None, renderedDescription=None, descriptionLinks=None, verified=None, created=None, followersCount=None, friendsCount=None, statusesCount=None, favouritesCount=None, listedCount=None, mediaCount=None, location=None, protected=None, link=None, profileImageUrl=None, profileBannerUrl=None, label=None, blue=None, blueType=None), User(username='Croesus_BTC', id=892945654451851265, displayname='Jesse Myers (Croesus üî¥)', rawDescription=None, renderedDescription=None, descriptionLinks=None, verified=None, created=None, followersCount=None, friendsCount=None, statusesCount=None, favouritesCount=None, listedCount=None, mediaCount=None, location=None, protected=None, link=None, profileImageUrl=None, profileBannerUrl=None, label=None, blue=None, blueType=None), User(username='TXMCtrades', id=1390842784261853186, displayname='ùêìùêóùêåùêÇ', rawDescription=None, renderedDescription=None, descriptionLinks=None, verified=None, created=None, followersCount=None, friendsCount=None, statusesCount=None, favouritesCount=None, listedCount=None, mediaCount=None, location=None, protected=None, link=None, profileImageUrl=None, profileBannerUrl=None, label=None, blue=None, blueType=None)]|ht||
1658260939165032449|2023-05-15 23:59:51+00:00|lol you pay for twitter|1623296776072577024|JefBjanes|Jeff Bjanesü´ê|2023-02-08 12:25:11+00:00|24|False||3|0|0|0|||[User(username='DS21M_BTC', id=35098930, displayname='Dartoshi Sabamoto', rawDescription=None, renderedDescription=None, descriptionLinks=None, verified=None, created=None, followersCount=None, friendsCount=None, statusesCount=None, favouritesCount=None, listedCount=None, mediaCount=None, location=None, protected=None, link=None, profileImageUrl=None, profileBannerUrl=None, label=None, blue=None, blueType=None), User(username='ElizabethArno20', id=896534593, displayname='Elizabeth A üçÅüá®üá¶', rawDescription=None, renderedDescription=None, descriptionLinks=None, verified=None, created=None, followersCount=None, friendsCount=None, statusesCount=None, favouritesCount=None, listedCount=None, mediaCount=None, location=None, protected=None, link=None, profileImageUrl=None, profileBannerUrl=None, label=None, blue=None, blueType=None), User(username='TheRealKeean', id=961134787, displayname='Keean Bexte', rawDescription=None, renderedDescription=None, descriptionLinks=None, verified=None, created=None, followersCount=None, friendsCount=None, statusesCount=None, favouritesCount=None, listedCount=None, mediaCount=None, location=None, protected=None, link=None, profileImageUrl=None, profileBannerUrl=None, label=None, blue=None, blueType=None)]|en||
1658260937571454976|2023-05-15 23:59:51+00:00|check out my free visual guide for leveraging #bitcoin for your business|4804031060|studentofbtc|Student of Bitcoin|2016-01-23 18:28:21+00:00|1851|False||0|0|0|0|['Bitcoin']|||en||
1658260935105187841|2023-05-15 23:59:50+00:00|#bitcoin transactions are one way only there isnt a concept of a refund or dispute in #bitcoin the merchant can choose to send the equivalent amount to the customer if any issues arise, but its up the merchant not a bank or a card network|4804031060|studentofbtc|Student of Bitcoin|2016-01-23 18:28:21+00:00|1851|False||1|0|0|0|['Bitcoin', 'Bitcoin']|||en||
1658260932412448768|2023-05-15 23:59:49+00:00|if someone acts in bad faith and lies to the bank about the provided productservice the merchant is now liable to 1 pay back the customer 2 pay the bank a chargeback fee why the card networks need to mediate dispute one way or another #bitcoin saves you from this|4804031060|studentofbtc|Student of Bitcoin|2016-01-23 18:28:21+00:00|1851|False||1|0|0|0|['Bitcoin']|||en||
1658260921305767937|2023-05-15 23:59:47+00:00|is a no brained|1394460428386906115|Ambiitiious25|Ambitious|2021-05-18 01:11:25+00:00|35|False||7|1|0|0||['KOIN']|[User(username='bitcoin_ape5', id=1456179837945716736, displayname='Bitcoin Ape', rawDescription=None, renderedDescription=None, descriptionLinks=None, verified=None, created=None, followersCount=None, friendsCount=None, statusesCount=None, favouritesCount=None, listedCount=None, mediaCount=None, location=None, protected=None, link=None, profileImageUrl=None, profileBannerUrl=None, label=None, blue=None, blueType=None), User(username='koinosnetwork', id=1250531156405161985, displayname='koinosnetwork üîÆ', rawDescription=None, renderedDescription=None, descriptionLinks=None, verified=None, created=None, followersCount=None, friendsCount=None, statusesCount=None, favouritesCount=None, listedCount=None, mediaCount=None, location=None, protected=None, link=None, profileImageUrl=None, profileBannerUrl=None, label=None, blue=None, blueType=None)]|en||
1658260918541643776|2023-05-15 23:59:46+00:00|8 were a clumsy bunch arent we|1372557689901961218|BTC_Freeborn|Free‚Çøorn Man ‚ö°Ô∏èüß°|2021-03-18 14:37:29+00:00|1385|False|Virginia|10|0|0|0|['StackJoin']||"[User(username='sa7skeeper', id=1565350292979191809, displayname='no‚Çøody (fuck this one i got satskeeper back bitch)', rawDescription=None, renderedDescription=None, descriptionLinks=None, verified=None, created=None, followersCount=None, friendsCount=None, statusesCount=None, favouritesCount=None, listedCount=None, mediaCount=None, location=None, protected=None, link=None, profileImageUrl=None, profileBannerUrl=None, label=None, blue=None, blueType=None), User(username='taodejing2', id=1354770492314406913, displayname='Tao \U0001fab7 888-2828-1888', rawDescription=None, renderedDescription=None, descriptionLinks=None, verified=None, created=None, followersCount=None, friendsCount=None, statusesCount=None, favouritesCount=None, listedCount=None, mediaCount=None, location=None, protected=None, link=None, profileImageUrl=None, profileBannerUrl=None, label=None, blue=None, blueType=None), User(username='phathodl', id=1064550114960781312, displayname='falsefaucet‚ö°', rawDescription=None, renderedDescription=None, descriptionLinks=None, verified=None, created=None, followersCount=None, friendsCount=None, statusesCount=None, favouritesCount=None, listedCount=None, mediaCount=None, location=None, protected=None, link=None, profileImageUrl=None, profileBannerUrl=None, label=None, blue=None, blueType=None), User(username='sathoarder', id=260934468, displayname='Sathoarder stackchain junkie #17‚ö°', rawDescription=None, renderedDescription=None, descriptionLinks=None, verified=None, created=None, followersCount=None, friendsCount=None, statusesCount=None, favouritesCount=None, listedCount=None, mediaCount=None, location=None, protected=None, link=None, profileImageUrl=None, profileBannerUrl=None, label=None, blue=None, blueType=None), User(username='happyclowntime', id=906599146253058049, displayname='Bob', rawDescription=None, renderedDescription=None, descriptionLinks=None, verified=None, created=None, followersCount=None, friendsCount=None, statusesCount=None, favouritesCount=None, listedCount=None, mediaCount=None, location=None, protected=None, link=None, profileImageUrl=None, profileBannerUrl=None, label=None, blue=None, blueType=None), User(username='illiteratewithd', id=23137350, displayname='SK', rawDescription=None, renderedDescription=None, descriptionLinks=None, verified=None, created=None, followersCount=None, friendsCount=None, statusesCount=None, favouritesCount=None, listedCount=None, mediaCount=None, location=None, protected=None, link=None, profileImageUrl=None, profileBannerUrl=None, label=None, blue=None, blueType=None), User(username='MEPHISTO218', id=1394613221315780608, displayname='‚Çøayerische Landesbank‚ö°Ô∏èüêà‚õèÔ∏è', rawDescription=None, renderedDescription=None, descriptionLinks=None, verified=None, created=None, followersCount=None, friendsCount=None, statusesCount=None, favouritesCount=None, listedCount=None, mediaCount=None, location=None, protected=None, link=None, profileImageUrl=None, profileBannerUrl=None, label=None, blue=None, blueType=None), User(username='BrokenSystem20', id=1262874395019579392, displayname='‚Çø: the cure... ‚õìÔ∏è', rawDescription=None, renderedDescription=None, descriptionLinks=None, verified=None, created=None, followersCount=None, friendsCount=None, statusesCount=None, favouritesCount=None, listedCount=None, mediaCount=None, location=None, protected=None, link=None, profileImageUrl=None, profileBannerUrl=None, label=None, blue=None, blueType=None), User(username='utxoset', id=1545761096962899969, displayname='utxo set #797, #1110, #2277 - true 13% bitcoineer', rawDescription=None, renderedDescription=None, descriptionLinks=None, verified=None, created=None, followersCount=None, friendsCount=None, statusesCount=None, favouritesCount=None, listedCount=None, mediaCount=None, location=None, protected=None, link=None, profileImageUrl=None, profileBannerUrl=None, label=None, blue=None, blueType=None), User(username='Ratpoisonaut', id=1430604080158752781, displayname='Ratpoisonüü†', rawDescription=None, renderedDescription=None, descriptionLinks=None, verified=None, created=None, followersCount=None, friendsCount=None, statusesCount=None, favouritesCount=None, listedCount=None, mediaCount=None, location=None, protected=None, link=None, profileImageUrl=None, profileBannerUrl=None, label=None, blue=None, blueType=None), User(username='bodhicitta777', id=1514014749792649216, displayname='Bodhi‚òØÔ∏èüêâ', rawDescription=None, renderedDescription=None, descriptionLinks=None, verified=None, created=None, followersCount=None, friendsCount=None, statusesCount=None, favouritesCount=None, listedCount=None, mediaCount=None, location=None, protected=None, link=None, profileImageUrl=None, profileBannerUrl=None, label=None, blue=None, blueType=None), User(username='VStackSats', id=1458997609083719683, displayname='Vee', rawDescription=None, renderedDescription=None, descriptionLinks=None, verified=None, created=None, followersCount=None, friendsCount=None, statusesCount=None, favouritesCount=None, listedCount=None, mediaCount=None, location=None, protected=None, link=None, profileImageUrl=None, profileBannerUrl=None, label=None, blue=None, blueType=None), User(username='laurenoflight_', id=1473992937109442563, displayname='‚ö°Ô∏èLauren of Light', rawDescription=None, renderedDescription=None, descriptionLinks=None, verified=None, created=None, followersCount=None, friendsCount=None, statusesCount=None, favouritesCount=None, listedCount=None, mediaCount=None, location=None, protected=None, link=None, profileImageUrl=None, profileBannerUrl=None, label=None, blue=None, blueType=None), User(username='QuaceTheQuant', id=1144407391485612032, displayname='Mason ìÑÄ ìÖ¶', rawDescription=None, renderedDescription=None, descriptionLinks=None, verified=None, created=None, followersCount=None, friendsCount=None, statusesCount=None, favouritesCount=None, listedCount=None, mediaCount=None, location=None, protected=None, link=None, profileImageUrl=None, profileBannerUrl=None, label=None, blue=None, blueType=None), User(username='derekmross', id=9768732, displayname='Derek Ross ‚ö°‚õìÔ∏è', rawDescription=None, renderedDescription=None, descriptionLinks=None, verified=None, created=None, followersCount=None, friendsCount=None, statusesCount=None, favouritesCount=None, listedCount=None, mediaCount=None, location=None, protected=None, link=None, profileImageUrl=None, profileBannerUrl=None, label=None, blue=None, blueType=None), User(username='NEEDcreations', id=805160271388049408, displayname='üß°NEEDcreations is stacking sats & jamming to EDM', rawDescription=None, renderedDescription=None, descriptionLinks=None, verified=None, created=None, followersCount=None, friendsCount=None, statusesCount=None, favouritesCount=None, listedCount=None, mediaCount=None, location=None, protected=None, link=None, profileImageUrl=None, profileBannerUrl=None, label=None, blue=None, blueType=None), User(username='wtfakamoto', id=1368076532061716481, displayname='matata.brb', rawDescription=None, renderedDescription=None, descriptionLinks=None, verified=None, created=None, followersCount=None, friendsCount=None, statusesCount=None, favouritesCount=None, listedCount=None, mediaCount=None, location=None, protected=None, link=None, profileImageUrl=None, profileBannerUrl=None, label=None, blue=None, blueType=None), User(username='EscatonHodl', id=1648666297356414976, displayname='Hector Escaton', rawDescription=None, renderedDescription=None, descriptionLinks=None, verified=None, created=None, followersCount=None, friendsCount=None, statusesCount=None, favouritesCount=None, listedCount=None, mediaCount=None, location=None, protected=None, link=None, profileImageUrl=None, profileBannerUrl=None, label=None, blue=None, blueType=None), User(username='rwawoe', id=3268137079, displayname='Robert Wawoe ‚ö°Ô∏è‚õì', rawDescription=None, renderedDescription=None, descriptionLinks=None, verified=None, created=None, followersCount=None, friendsCount=None, statusesCount=None, favouritesCount=None, listedCount=None, mediaCount=None, location=None, protected=None, link=None, profileImageUrl=None, profileBannerUrl=None, label=None, blue=None, blueType=None), User(username='PeterAnsel9', id=1404954265521508354, displayname='stayOnüéØ 1225 1665 1923 1964 1971 2009 2222üá©üá™', rawDescription=None, renderedDescription=None, descriptionLinks=None, verified=None, created=None, followersCount=None, friendsCount=None, statusesCount=None, favouritesCount=None, listedCount=None, mediaCount=None, location=None, protected=None, link=None, profileImageUrl=None, profileBannerUrl=None, label=None, blue=None, blueType=None), User(username='StackchainSig', id=1570146172995620865, displayname='Stackchain ‚õì Signal', rawDescription=None, renderedDescription=None, descriptionLinks=None, verified=None, created=None, followersCount=None, friendsCount=None, statusesCount=None, favouritesCount=None, listedCount=None, mediaCount=None, location=None, protected=None, link=None, profileImageUrl=None, profileBannerUrl=None, label=None, blue=None, blueType=None), User(username='WaldoVision3', id=1422669719522455555, displayname='Waldo Stackjoiner‚õìÔ∏èE1B07', rawDescription=None, renderedDescription=None, descriptionLinks=None, verified=None, created=None, followersCount=None, friendsCount=None, statusesCount=None, favouritesCount=None, listedCount=None, mediaCount=None, location=None, protected=None, link=None, profileImageUrl=None, profileBannerUrl=None, label=None, blue=None, blueType=None), User(username='BitcoinOdyssey', id=1379827103047237634, displayname='Bitcoin Odysseus', rawDescription=None, renderedDescription=None, descriptionLinks=None, verified=None, created=None, followersCount=None, friendsCount=None, statusesCount=None, favouritesCount=None, listedCount=None, mediaCount=None, location=None, protected=None, link=None, profileImageUrl=None, profileBannerUrl=None, label=None, blue=None, blueType=None), User(username='LoKoBTC', id=1551606846972108800, displayname='LoÍìòo ‚Çø', rawDescription=None, renderedDescription=None, descriptionLinks=None, verified=None, created=None, followersCount=None, friendsCount=None, statusesCount=None, favouritesCount=None, listedCount=None, mediaCount=None, location=None, protected=None, link=None, profileImageUrl=None, profileBannerUrl=None, label=None, blue=None, blueType=None), User(username='fiatforassets', id=30165236, displayname='TradingFiatForAssets', rawDescription=None, renderedDescription=None, descriptionLinks=None, verified=None, created=None, followersCount=None, friendsCount=None, statusesCount=None, favouritesCount=None, listedCount=None, mediaCount=None, location=None, protected=None, link=None, profileImageUrl=None, profileBannerUrl=None, label=None, blue=None, blueType=None), User(username='JaimeLoopz', id=390520995, displayname='JaimeLoopz‚ö°Ô∏è‚õìÔ∏è3189', rawDescription=None, renderedDescription=None, descriptionLinks=None, verified=None, created=None, followersCount=None, friendsCount=None, statusesCount=None, favouritesCount=None, listedCount=None, mediaCount=None, location=None, protected=None, link=None, profileImageUrl=None, profileBannerUrl=None, label=None, blue=None, blueType=None), User(username='parman_the', id=1154001067534774275, displayname='Parman‚ö°Bitcoin Private Key Whisperer #810 #3392', rawDescription=None, renderedDescription=None, descriptionLinks=None, verified=None, created=None, followersCount=None, friendsCount=None, statusesCount=None, favouritesCount=None, listedCount=None, mediaCount=None, location=None, protected=None, link=None, profileImageUrl=None, profileBannerUrl=None, label=None, blue=None, blueType=None), User(username='Masshodlghost', id=1560748938969350145, displayname='John 52 ‚õìÔ∏è .01 Galt', rawDescription=None, renderedDescription=None, descriptionLinks=None, verified=None, created=None, followersCount=None, friendsCount=None, statusesCount=None, favouritesCount=None, listedCount=None, mediaCount=None, location=None, protected=None, link=None, profileImageUrl=None, profileBannerUrl=None, label=None, blue=None, blueType=None), User(username='JohnOdetteMD', id=2341284950, displayname='SC 53-2848', rawDescription=None, renderedDescription=None, descriptionLinks=None, verified=None, created=None, followersCount=None, friendsCount=None, statusesCount=None, favouritesCount=None, listedCount=None, mediaCount=None, location=None, protected=None, link=None, profileImageUrl=None, profileBannerUrl=None, label=None, blue=None, blueType=None), User(username='JoshColeman', id=17927002, displayname='Josh Coleman', rawDescription=None, renderedDescription=None, descriptionLinks=None, verified=None, created=None, followersCount=None, friendsCount=None, statusesCount=None, favouritesCount=None, listedCount=None, mediaCount=None, location=None, protected=None, link=None, profileImageUrl=None, profileBannerUrl=None, label=None, blue=None, blueType=None), User(username='coryklippsten', id=3260096383, displayname='Cory Klippsten üñêÔ∏è Swan.com ü¶¢ #Bitcoin', rawDescription=None, renderedDescription=None, descriptionLinks=None, verified=None, created=None, followersCount=None, friendsCount=None, statusesCount=None, favouritesCount=None, listedCount=None, mediaCount=None, location=None, protected=None, link=None, profileImageUrl=None, profileBannerUrl=None, label=None, blue=None, blueType=None), User(username='MidyReyes', id=926917453870800896, displayname='Midy', rawDescription=None, renderedDescription=None, descriptionLinks=None, verified=None, created=None, followersCount=None, friendsCount=None, statusesCount=None, favouritesCount=None, listedCount=None, mediaCount=None, location=None, protected=None, link=None, profileImageUrl=None, profileBannerUrl=None, label=None, blue=None, blueType=None), User(username='brentjboersma', id=1195002141028446209, displayname='bart', rawDescription=None, renderedDescription=None, descriptionLinks=None, verified=None, created=None, followersCount=None, friendsCount=None, statusesCount=None, favouritesCount=None, listedCount=None, mediaCount=None, location=None, protected=None, link=None, profileImageUrl=None, profileBannerUrl=None, label=None, blue=None, blueType=None), User(username='GhostOfLoKo', id=1595661363417849858, displayname='LoKo 2.0', rawDescription=None, renderedDescription=None, descriptionLinks=None, verified=None, created=None, followersCount=None, friendsCount=None, statusesCount=None, favouritesCount=None, listedCount=None, mediaCount=None, location=None, protected=None, link=None, profileImageUrl=None, profileBannerUrl=None, label=None, blue=None, blueType=None), User(username='RubenStacksCorn', id=1479425940048523266, displayname='Ruben ‚ö°Ô∏è13%‚Äôr‚ö°Ô∏è', rawDescription=None, renderedDescription=None, descriptionLinks=None, verified=None, created=None, followersCount=None, friendsCount=None, statusesCount=None, favouritesCount=None, listedCount=None, mediaCount=None, location=None, protected=None, link=None, profileImageUrl=None, profileBannerUrl=None, label=None, blue=None, blueType=None), User(username='whitecraigsjf', id=2182602114, displayname='Nyx', rawDescription=None, renderedDescription=None, descriptionLinks=None, verified=None, created=None, followersCount=None, friendsCount=None, statusesCount=None, favouritesCount=None, listedCount=None, mediaCount=None, location=None, protected=None, link=None, profileImageUrl=None, profileBannerUrl=None, label=None, blue=None, blueType=None), User(username='_Ben_in_Chicago', id=291702034, displayname='‚¶ë‚Çø‚¶í‚¶ëe‚¶í‚¶ën‚¶í‚ö°Ô∏è#stackchain‚Å∑¬≥¬π | ben@nostrplebs.com', rawDescription=None, renderedDescription=None, descriptionLinks=None, verified=None, created=None, followersCount=None, friendsCount=None, statusesCount=None, favouritesCount=None, listedCount=None, mediaCount=None, location=None, protected=None, link=None, profileImageUrl=None, profileBannerUrl=None, label=None, blue=None, blueType=None), User(username='HodlersJourney', id=1380228723991998465, displayname='Hodlers Journey üçÅ ‚ö°Ô∏è', rawDescription=None, renderedDescription=None, descriptionLinks=None, verified=None, created=None, followersCount=None, friendsCount=None, statusesCount=None, favouritesCount=None, listedCount=None, mediaCount=None, location=None, protected=None, link=None, profileImageUrl=None, profileBannerUrl=None, label=None, blue=None, blueType=None), User(username='btc_cards', id=1512595336086183937, displayname='BitcoinTradingCards', rawDescription=None, renderedDescription=None, descriptionLinks=None, verified=None, created=None, followersCount=None, friendsCount=None, statusesCount=None, favouritesCount=None, listedCount=None, mediaCount=None, location=None, protected=None, link=None, profileImageUrl=None, profileBannerUrl=None, label=None, blue=None, blueType=None)]"|en||
1658260908991299586|2023-05-15 23:59:44+00:00|bitcoin price index|2395138046|WorldCoinIndex|WorldCoinIndex|2014-03-17 21:39:08+00:00|12769|False||1|0|0|0|['USD', 'EUR', 'CNY', 'GBP', 'RUB']|||en||
1658260877307523078|2023-05-15 23:59:36+00:00|breaking crypto news why ethereums eth yield farming may be the most exciting thing in crypto right now $btc #bitcoin|1343594258465480705|blockchainbeat|Follow Us For Crypto News|2020-12-28 16:27:03+00:00|121|False||0|0|0|0|['xrp', 'xmr', 'bitcoin', 'ethereum', 'solana', 'monero', 'cardano', 'doge']|['btc', 'eth', 'sol', 'ada', 'ltc', 'avax', 'dot', 'matic', 'algo']||en||
1658260876447678465|2023-05-15 23:59:36+00:00|long story short ethereum got everything worng and btc is correct with every step it took, surprisingly|1500128167738150912|Aya_MwM|Aya|2022-03-05 15:17:35+00:00|1749|False|#CHINAnumbah1|0|0|0|0|||[User(username='JeffreyNass', id=3196592286, displayname='Jeffrey Nass', rawDescription=None, renderedDescription=None, descriptionLinks=None, verified=None, created=None, followersCount=None, friendsCount=None, statusesCount=None, favouritesCount=None, listedCount=None, mediaCount=None, location=None, protected=None, link=None, profileImageUrl=None, profileBannerUrl=None, label=None, blue=None, blueType=None), User(username='edward_farina', id=106894354, displayname='EDO FARINA üÖß XRP', rawDescription=None, renderedDescription=None, descriptionLinks=None, verified=None, created=None, followersCount=None, friendsCount=None, statusesCount=None, favouritesCount=None, listedCount=None, mediaCount=None, location=None, protected=None, link=None, profileImageUrl=None, profileBannerUrl=None, label=None, blue=None, blueType=None)]|en||
1658260874723770368|2023-05-15 23:59:36+00:00|if you have 10 greg coins you have 1000000 bitcoin|1613345977041141760|TrollaTheTroll|TheTrollaTroll|2023-01-12 01:23:59+00:00|6|False|Trollenhagen, Deutschland|0|0|0|0|||[User(username='greg16676935420', id=1356434353623093249, displayname='greg', rawDescription=None, renderedDescription=None, descriptionLinks=None, verified=None, created=None, followersCount=None, friendsCount=None, statusesCount=None, favouritesCount=None, listedCount=None, mediaCount=None, location=None, protected=None, link=None, profileImageUrl=None, profileBannerUrl=None, label=None, blue=None, blueType=None)]|en||
1658260867467603968|2023-05-15 23:59:34+00:00|the ticker is bitcoin|1509995876353257472|proangelwings|Áè†Á©ÜÊúóÁë™Â≥∞„ÅÆËÇ°ÊåáÈó®Âè£|2022-04-01 20:47:33+00:00|720|False|Êó†Èî°Â∏Ç|9|0|1|0|||[User(username='hpos10iETH', id=1656145152342147072, displayname='HarryPotterObamaSonic10Inu', rawDescription=None, renderedDescription=None, descriptionLinks=None, verified=None, created=None, followersCount=None, friendsCount=None, statusesCount=None, favouritesCount=None, listedCount=None, mediaCount=None, location=None, protected=None, link=None, profileImageUrl=None, profileBannerUrl=None, label=None, blue=None, blueType=None)]|en||
1658260863927689218|2023-05-15 23:59:33+00:00|epfl cancels stallmans lecture citing the situation regarding his persona comments link is like hacker news but it pays you #bitcoin|1347873435913957376|StackerNewsFeed|Stacker News Feed|2021-01-09 11:50:56+00:00|1016|False||0|0|0|0|['StackerNews', 'bitcoin']|||en||
1658260859435753473|2023-05-15 23:59:32+00:00|we were all so young then feels like decades ago|1430754174233288710|hodlorado|Hodlorado ‚õèÔ∏è|2021-08-26 04:49:23+00:00|5195|False|DEN, Colorado|13|0|0|0|||[User(username='sathoarder', id=260934468, displayname='Sathoarder stackchain junkie #17‚ö°', rawDescription=None, renderedDescription=None, descriptionLinks=None, verified=None, created=None, followersCount=None, friendsCount=None, statusesCount=None, favouritesCount=None, listedCount=None, mediaCount=None, location=None, protected=None, link=None, profileImageUrl=None, profileBannerUrl=None, label=None, blue=None, blueType=None), User(username='YoshishiSatoshi', id=1538228164752719874, displayname='Skinner‚õìÔ∏è 88 419 420 444 555 777 ‚Çø', rawDescription=None, renderedDescription=None, descriptionLinks=None, verified=None, created=None, followersCount=None, friendsCount=None, statusesCount=None, favouritesCount=None, listedCount=None, mediaCount=None, location=None, protected=None, link=None, profileImageUrl=None, profileBannerUrl=None, label=None, blue=None, blueType=None), User(username='AnthonyDessauer', id=1224441209231249409, displayname='Anthony vonStackChain‚õì16 2140', rawDescription=None, renderedDescription=None, descriptionLinks=None, verified=None, created=None, followersCount=None, friendsCount=None, statusesCount=None, favouritesCount=None, listedCount=None, mediaCount=None, location=None, protected=None, link=None, profileImageUrl=None, profileBannerUrl=None, label=None, blue=None, blueType=None), User(username='fiatpack', id=1502722365054238721, displayname='‚ö°Ô∏è‚ò£Ô∏è LASERED EYE PSYCHO ‚ò£Ô∏è‚ö°Ô∏è ‚àû / 21M', rawDescription=None, renderedDescription=None, descriptionLinks=None, verified=None, created=None, followersCount=None, friendsCount=None, statusesCount=None, favouritesCount=None, listedCount=None, mediaCount=None, location=None, protected=None, link=None, profileImageUrl=None, profileBannerUrl=None, label=None, blue=None, blueType=None), User(username='lordboglin', id=1469830358959022085, displayname='Red. \U0001faf0', rawDescription=None, renderedDescription=None, descriptionLinks=None, verified=None, created=None, followersCount=None, friendsCount=None, statusesCount=None, favouritesCount=None, listedCount=None, mediaCount=None, location=None, protected=None, link=None, profileImageUrl=None, profileBannerUrl=None, label=None, blue=None, blueType=None), User(username='FinneJay', id=1207387118739300354, displayname='Orange Pill Pharmacist', rawDescription=None, renderedDescription=None, descriptionLinks=None, verified=None, created=None, followersCount=None, friendsCount=None, statusesCount=None, favouritesCount=None, listedCount=None, mediaCount=None, location=None, protected=None, link=None, profileImageUrl=None, profileBannerUrl=None, label=None, blue=None, blueType=None), User(username='pleblira', id=1439679732891754504, displayname='pleblira‚ö°‚õìÔ∏è154 171 3086 3087', rawDescription=None, renderedDescription=None, descriptionLinks=None, verified=None, created=None, followersCount=None, friendsCount=None, statusesCount=None, favouritesCount=None, listedCount=None, mediaCount=None, location=None, protected=None, link=None, profileImageUrl=None, profileBannerUrl=None, label=None, blue=None, blueType=None), User(username='Tsartoshi', id=941993610366644224, displayname='Tsartoshi ‚ö°üèÇ', rawDescription=None, renderedDescription=None, descriptionLinks=None, verified=None, created=None, followersCount=None, friendsCount=None, statusesCount=None, favouritesCount=None, listedCount=None, mediaCount=None, location=None, protected=None, link=None, profileImageUrl=None, profileBannerUrl=None, label=None, blue=None, blueType=None), User(username='ArgenTo46', id=1477672337373859848, displayname='Argen_to46', rawDescription=None, renderedDescription=None, descriptionLinks=None, verified=None, created=None, followersCount=None, friendsCount=None, statusesCount=None, favouritesCount=None, listedCount=None, mediaCount=None, location=None, protected=None, link=None, profileImageUrl=None, profileBannerUrl=None, label=None, blue=None, blueType=None), User(username='rufhodl', id=1495325250828996609, displayname='R√úFHODL.‰∏∞', rawDescription=None, renderedDescription=None, descriptionLinks=None, verified=None, created=None, followersCount=None, friendsCount=None, statusesCount=None, favouritesCount=None, listedCount=None, mediaCount=None, location=None, protected=None, link=None, profileImageUrl=None, profileBannerUrl=None, label=None, blue=None, blueType=None), User(username='BitcoinLefty', id=1349772754669678593, displayname='Pleb Stackchain‚õì #166 FKA Bitcoin Bernie Bro', rawDescription=None, renderedDescription=None, descriptionLinks=None, verified=None, created=None, followersCount=None, friendsCount=None, statusesCount=None, favouritesCount=None, listedCount=None, mediaCount=None, location=None, protected=None, link=None, profileImageUrl=None, profileBannerUrl=None, label=None, blue=None, blueType=None), User(username='hodloevsky', id=1151614377126244358, displayname='hodloevsky', rawDescription=None, renderedDescription=None, descriptionLinks=None, verified=None, created=None, followersCount=None, friendsCount=None, statusesCount=None, favouritesCount=None, listedCount=None, mediaCount=None, location=None, protected=None, link=None, profileImageUrl=None, profileBannerUrl=None, label=None, blue=None, blueType=None), User(username='swaaalla', id=836545136741900288, displayname='Swaaalla$58küá¶üá∫‚ö°Ô∏è', rawDescription=None, renderedDescription=None, descriptionLinks=None, verified=None, created=None, followersCount=None, friendsCount=None, statusesCount=None, favouritesCount=None, listedCount=None, mediaCount=None, location=None, protected=None, link=None, profileImageUrl=None, profileBannerUrl=None, label=None, blue=None, blueType=None), User(username='toomadbro', id=2730833668, displayname='cartel member bulltard', rawDescription=None, renderedDescription=None, descriptionLinks=None, verified=None, created=None, followersCount=None, friendsCount=None, statusesCount=None, favouritesCount=None, listedCount=None, mediaCount=None, location=None, protected=None, link=None, profileImageUrl=None, profileBannerUrl=None, label=None, blue=None, blueType=None), User(username='point_btc', id=1183423057018228736, displayname='üï≥Ô∏è', rawDescription=None, renderedDescription=None, descriptionLinks=None, verified=None, created=None, followersCount=None, friendsCount=None, statusesCount=None, favouritesCount=None, listedCount=None, mediaCount=None, location=None, protected=None, link=None, profileImageUrl=None, profileBannerUrl=None, label=None, blue=None, blueType=None), User(username='MitchellHODL', id=1358245986712383488, displayname='Mitchell üöÄ', rawDescription=None, renderedDescription=None, descriptionLinks=None, verified=None, created=None, followersCount=None, friendsCount=None, statusesCount=None, favouritesCount=None, listedCount=None, mediaCount=None, location=None, protected=None, link=None, profileImageUrl=None, profileBannerUrl=None, label=None, blue=None, blueType=None), User(username='Nic_Farter', id=1542156910211829766, displayname='nic farter (27,33,159,297,471,785)', rawDescription=None, renderedDescription=None, descriptionLinks=None, verified=None, created=None, followersCount=None, friendsCount=None, statusesCount=None, favouritesCount=None, listedCount=None, mediaCount=None, location=None, protected=None, link=None, profileImageUrl=None, profileBannerUrl=None, label=None, blue=None, blueType=None), User(username='KevinR4v', id=974983191458123778, displayname='Kevin Ravens‚Çøerg ‚ö°Ô∏è ‚òÅÔ∏è 13%er', rawDescription=None, renderedDescription=None, descriptionLinks=None, verified=None, created=None, followersCount=None, friendsCount=None, statusesCount=None, favouritesCount=None, listedCount=None, mediaCount=None, location=None, protected=None, link=None, profileImageUrl=None, profileBannerUrl=None, label=None, blue=None, blueType=None), User(username='gettxoutsetinfo', id=898692436654006272, displayname='gettxoutsetinfo', rawDescription=None, renderedDescription=None, descriptionLinks=None, verified=None, created=None, followersCount=None, friendsCount=None, statusesCount=None, favouritesCount=None, listedCount=None, mediaCount=None, location=None, protected=None, link=None, profileImageUrl=None, profileBannerUrl=None, label=None, blue=None, blueType=None), User(username='DingDong3001', id=1323378510229131267, displayname='DingDong', rawDescription=None, renderedDescription=None, descriptionLinks=None, verified=None, created=None, followersCount=None, friendsCount=None, statusesCount=None, favouritesCount=None, listedCount=None, mediaCount=None, location=None, protected=None, link=None, profileImageUrl=None, profileBannerUrl=None, label=None, blue=None, blueType=None), User(username='Jadklein', id=16687436, displayname='jadklein', rawDescription=None, renderedDescription=None, descriptionLinks=None, verified=None, created=None, followersCount=None, friendsCount=None, statusesCount=None, favouritesCount=None, listedCount=None, mediaCount=None, location=None, protected=None, link=None, profileImageUrl=None, profileBannerUrl=None, label=None, blue=None, blueType=None), User(username='BitcoinCarl_', id=584377788, displayname='Bitcoin Carl üöÄüöÄüåéüåç', rawDescription=None, renderedDescription=None, descriptionLinks=None, verified=None, created=None, followersCount=None, friendsCount=None, statusesCount=None, favouritesCount=None, listedCount=None, mediaCount=None, location=None, protected=None, link=None, profileImageUrl=None, profileBannerUrl=None, label=None, blue=None, blueType=None), User(username='PhileTech', id=1308731095630970880, displayname='TechNoPhile', rawDescription=None, renderedDescription=None, descriptionLinks=None, verified=None, created=None, followersCount=None, friendsCount=None, statusesCount=None, favouritesCount=None, listedCount=None, mediaCount=None, location=None, protected=None, link=None, profileImageUrl=None, profileBannerUrl=None, label=None, blue=None, blueType=None), User(username='cornokun', id=1387779668187701261, displayname='ùô≤ùöòùöõùöóùöòùöîùöûùöó üåΩ', rawDescription=None, renderedDescription=None, descriptionLinks=None, verified=None, created=None, followersCount=None, friendsCount=None, statusesCount=None, favouritesCount=None, listedCount=None, mediaCount=None, location=None, protected=None, link=None, profileImageUrl=None, profileBannerUrl=None, label=None, blue=None, blueType=None), User(username='MassHodl', id=1450960440478023682, displayname='Johnü•û‚õì Stackchain {52, 171, 662, 663, 664, 711}', rawDescription=None, renderedDescription=None, descriptionLinks=None, verified=None, created=None, followersCount=None, friendsCount=None, statusesCount=None, favouritesCount=None, listedCount=None, mediaCount=None, location=None, protected=None, link=None, profileImageUrl=None, profileBannerUrl=None, label=None, blue=None, blueType=None), User(username='AisARagnar', id=1455993991921537030, displayname='Ghost of Ragnar Danneskjold. ü©∫üî¨', rawDescription=None, renderedDescription=None, descriptionLinks=None, verified=None, created=None, followersCount=None, friendsCount=None, statusesCount=None, favouritesCount=None, listedCount=None, mediaCount=None, location=None, protected=None, link=None, profileImageUrl=None, profileBannerUrl=None, label=None, blue=None, blueType=None), User(username='IndyBTC', id=1446548142711771137, displayname='IndyBTC', rawDescription=None, renderedDescription=None, descriptionLinks=None, verified=None, created=None, followersCount=None, friendsCount=None, statusesCount=None, favouritesCount=None, listedCount=None, mediaCount=None, location=None, protected=None, link=None, profileImageUrl=None, profileBannerUrl=None, label=None, blue=None, blueType=None), User(username='ungovbitcoin', id=1374735788848611330, displayname='Bitcoin is Ungovernable', rawDescription=None, renderedDescription=None, descriptionLinks=None, verified=None, created=None, followersCount=None, friendsCount=None, statusesCount=None, favouritesCount=None, listedCount=None, mediaCount=None, location=None, protected=None, link=None, profileImageUrl=None, profileBannerUrl=None, label=None, blue=None, blueType=None), User(username='DanjaminDW', id=204196752, displayname='Daniel Galt', rawDescription=None, renderedDescription=None, descriptionLinks=None, verified=None, created=None, followersCount=None, friendsCount=None, statusesCount=None, favouritesCount=None, listedCount=None, mediaCount=None, location=None, protected=None, link=None, profileImageUrl=None, profileBannerUrl=None, label=None, blue=None, blueType=None), User(username='freeslave06', id=1343213479243771906, displayname='Reece', rawDescription=None, renderedDescription=None, descriptionLinks=None, verified=None, created=None, followersCount=None, friendsCount=None, statusesCount=None, favouritesCount=None, listedCount=None, mediaCount=None, location=None, protected=None, link=None, profileImageUrl=None, profileBannerUrl=None, label=None, blue=None, blueType=None), User(username='uncle_maks', id=2314383404, displayname='UNCLE üü† ‚ö°Ô∏è‚Çø', rawDescription=None, renderedDescription=None, descriptionLinks=None, verified=None, created=None, followersCount=None, friendsCount=None, statusesCount=None, favouritesCount=None, listedCount=None, mediaCount=None, location=None, protected=None, link=None, profileImageUrl=None, profileBannerUrl=None, label=None, blue=None, blueType=None), User(username='bitman013', id=948182163329044480, displayname='‚ÇøitWarrior ‚àû/21M üåã‚ö°Ô∏èüï≥üêáüçäüíä', rawDescription=None, renderedDescription=None, descriptionLinks=None, verified=None, created=None, followersCount=None, friendsCount=None, statusesCount=None, favouritesCount=None, listedCount=None, mediaCount=None, location=None, protected=None, link=None, profileImageUrl=None, profileBannerUrl=None, label=None, blue=None, blueType=None), User(username='satskeeper', id=1465004509617291265, displayname='7 no‚Çøody 256 üññüåΩ', rawDescription=None, renderedDescription=None, descriptionLinks=None, verified=None, created=None, followersCount=None, friendsCount=None, statusesCount=None, favouritesCount=None, listedCount=None, mediaCount=None, location=None, protected=None, link=None, profileImageUrl=None, profileBannerUrl=None, label=None, blue=None, blueType=None), User(username='DecrimNat', id=1010708700690911232, displayname='Psilocybin Citadel üçÑ‚ö°Ô∏è @PlebArmy üß°', rawDescription=None, renderedDescription=None, descriptionLinks=None, verified=None, created=None, followersCount=None, friendsCount=None, statusesCount=None, favouritesCount=None, listedCount=None, mediaCount=None, location=None, protected=None, link=None, profileImageUrl=None, profileBannerUrl=None, label=None, blue=None, blueType=None), User(username='nikolasatsla', id=1456509092365672448, displayname='Nikola Satsla‚ö°Ô∏è', rawDescription=None, renderedDescription=None, descriptionLinks=None, verified=None, created=None, followersCount=None, friendsCount=None, statusesCount=None, favouritesCount=None, listedCount=None, mediaCount=None, location=None, protected=None, link=None, profileImageUrl=None, profileBannerUrl=None, label=None, blue=None, blueType=None), User(username='elpasobitcoin', id=1290456493343604737, displayname='El Paso, TX ‚Çøitcoin', rawDescription=None, renderedDescription=None, descriptionLinks=None, verified=None, created=None, followersCount=None, friendsCount=None, statusesCount=None, favouritesCount=None, listedCount=None, mediaCount=None, location=None, protected=None, link=None, profileImageUrl=None, profileBannerUrl=None, label=None, blue=None, blueType=None), User(username='btcitadad', id=1334318757401960449, displayname='Btcitadad 13% ‚òÇÔ∏è', rawDescription=None, renderedDescription=None, descriptionLinks=None, verified=None, created=None, followersCount=None, friendsCount=None, statusesCount=None, favouritesCount=None, listedCount=None, mediaCount=None, location=None, protected=None, link=None, profileImageUrl=None, profileBannerUrl=None, label=None, blue=None, blueType=None), User(username='denverbitcoin', id=1025967921472786432, displayname='üèîAdam Oüèî', rawDescription=None, renderedDescription=None, descriptionLinks=None, verified=None, created=None, followersCount=None, friendsCount=None, statusesCount=None, favouritesCount=None, listedCount=None, mediaCount=None, location=None, protected=None, link=None, profileImageUrl=None, profileBannerUrl=None, label=None, blue=None, blueType=None), User(username='stel248', id=725809501610360833, displayname='Josephbtc', rawDescription=None, renderedDescription=None, descriptionLinks=None, verified=None, created=None, followersCount=None, friendsCount=None, statusesCount=None, favouritesCount=None, listedCount=None, mediaCount=None, location=None, protected=None, link=None, profileImageUrl=None, profileBannerUrl=None, label=None, blue=None, blueType=None), User(username='bitcoinkastle', id=1386182253462495233, displayname='kastle 58küçÅ', rawDescription=None, renderedDescription=None, descriptionLinks=None, verified=None, created=None, followersCount=None, friendsCount=None, statusesCount=None, favouritesCount=None, listedCount=None, mediaCount=None, location=None, protected=None, link=None, profileImageUrl=None, profileBannerUrl=None, label=None, blue=None, blueType=None), User(username='happyclowntime', id=906599146253058049, displayname='Bob', rawDescription=None, renderedDescription=None, descriptionLinks=None, verified=None, created=None, followersCount=None, friendsCount=None, statusesCount=None, favouritesCount=None, listedCount=None, mediaCount=None, location=None, protected=None, link=None, profileImageUrl=None, profileBannerUrl=None, label=None, blue=None, blueType=None), User(username='phathodl', id=1064550114960781312, displayname='falsefaucet‚ö°', rawDescription=None, renderedDescription=None, descriptionLinks=None, verified=None, created=None, followersCount=None, friendsCount=None, statusesCount=None, favouritesCount=None, listedCount=None, mediaCount=None, location=None, protected=None, link=None, profileImageUrl=None, profileBannerUrl=None, label=None, blue=None, blueType=None)]|en||
1658260845606871040|2023-05-15 23:59:29+00:00|bullerinos better show upor sz is coming $btc|1292938331001675776|CryptoSheqel|ShekelMaster|2020-08-10 21:38:30+00:00|37|False||2|0|0|0||['BTC']||en||
1658260840091381761|2023-05-15 23:59:27+00:00|why is dumping soo much btc went up 2k since the 1112th, something is up|1433562899000201225|crypt247747|Money2BMade|2021-09-02 22:50:14+00:00|251|False||0|0|0|0||['ADS']||en||
1658260837780291590|2023-05-15 23:59:27+00:00|bitcoin btc price rebounds above as investors weigh debt limit debate, liquidity concerns|1607157895715770369|RoyzFitness|Royz Fitness|2022-12-25 23:34:52+00:00|20|False|United States|0|0|0|0||||en||
1658260836257808384|2023-05-15 23:59:27+00:00|generational wealth incoming, first now at this rate, ill be retired by this week 18 $btc|124716801|jujugreen30|Julie Mason|2010-03-20 09:41:42+00:00|5|False||0|0|0|0|['PEPE']|['PSYOP', 'PEPE', 'BOB', 'TURBO', 'AIDOGE', 'FOUR', 'SUI', 'MONG', 'ETH', 'BTC', 'STEVE', 'LADYS', 'PSYOP', 'BEN']||en||https://twitter.com/i/web/status/1657975986963529728
1658260835947405313|2023-05-15 23:59:26+00:00|heres my referral code for smiles jarvrek187 sign up for smiles and earn bitcoin for walking, shopping, and playing games|9010062|realplanetdoge|planetdogeüåô|2007-09-21 05:32:55+00:00|1065|False|Somewhere, alternate universe?|0|0|0|0||||en||
1658260828859031556|2023-05-15 23:59:25+00:00|hello would you like to hear about the benefits of investing in bitcoin|1425962325136265224|assume__breach|proactively_paranoid|2021-08-12 23:28:22+00:00|37|False||2|1|0|0|||[User(username='LizCGil', id=3432675977, displayname='Liz Gil', rawDescription=None, renderedDescription=None, descriptionLinks=None, verified=None, created=None, followersCount=None, friendsCount=None, statusesCount=None, favouritesCount=None, listedCount=None, mediaCount=None, location=None, protected=None, link=None, profileImageUrl=None, profileBannerUrl=None, label=None, blue=None, blueType=None)]|en||
1658260826858430469|2023-05-15 23:59:24+00:00|the land will be scanty with few true believers when the party starts dont let the ufos take your tokens hodl gm #btc major rally in coming days|1632885885422252039|AIShibCeo|AIShibCeo #SHIBCü¶Æüî•|2023-03-06 23:28:53+00:00|1095|False|Community|8|2|0|1|['AISHIBCEO', 'SHIBC', 'BTC', 'CRYPTO', 'AI', 'memecoin', 'pepe', 'turbo', 'miladys', 'ben', 'psyop', 'bob', 'NFTCOMMUNITY', 'NFTGiveaways']|['SHIBC']||en||
1658260826589888514|2023-05-15 23:59:24+00:00|has landed in miami for the bitcoin conference if anyone wants to get a cafecito or a cerveza, and speak a little about crypto and bitcoin, let me know #bitcoin2023 #btc #bitcoin2023|1438986308286885892|MrCryptoTax|Johnny Luna|2021-09-17 22:01:00+00:00|137|False|Washington, DC|0|0|0|0|['Bitcoin2023', 'BTC', 'Bitcoin2023', 'Crypto']||[User(username='MrCryptoTax', id=1438986308286885892, displayname='Johnny Luna', rawDescription=None, renderedDescription=None, descriptionLinks=None, verified=None, created=None, followersCount=None, friendsCount=None, statusesCount=None, favouritesCount=None, listedCount=None, mediaCount=None, location=None, protected=None, link=None, profileImageUrl=None, profileBannerUrl=None, label=None, blue=None, blueType=None)]|en||
1658260822064332803|2023-05-15 23:59:23+00:00|you guys going to support maxcoin max keiser says its going to eclipse btc|2827401788|efftheuniparty|Eddy Economics.btc.eth.cryptoenjooooyer|2014-09-23 04:26:35+00:00|130|False||0|0|0|0|||[User(username='fold_app', id=2561575478, displayname='Fold‚ö°Ô∏è', rawDescription=None, renderedDescription=None, descriptionLinks=None, verified=None, created=None, followersCount=None, friendsCount=None, statusesCount=None, favouritesCount=None, listedCount=None, mediaCount=None, location=None, protected=None, link=None, profileImageUrl=None, profileBannerUrl=None, label=None, blue=None, blueType=None), User(username='nayibbukele', id=20736511, displayname='Nayib Bukele', rawDescription=None, renderedDescription=None, descriptionLinks=None, verified=None, created=None, followersCount=None, friendsCount=None, statusesCount=None, favouritesCount=None, listedCount=None, mediaCount=None, location=None, protected=None, link=None, profileImageUrl=None, profileBannerUrl=None, label=None, blue=None, blueType=None)]|en||
1658260815781466113|2023-05-15 23:59:22+00:00|coin accepting rejection from 200ma print it on #btc|1340553873312899075|ubcryptoYT|UB Ó®Ä|2020-12-20 07:05:41+00:00|292|False|Metaverse|2|0|0|0|['KAVA', 'BTC', 'Eth', 'KAVA']|||en||
1658260808256704515|2023-05-15 23:59:20+00:00|attention bitcoiners hello bitcoin is building a new team to carry on the amazing work of this is a great opportunity for passionate bitcoiners to meaningfully contribute to an incredible volunteerdriven education project 12|1205695783296622592|hello_bitcoin|Hello Bitcoin|2019-12-14 03:47:42+00:00|8434|False||26|9|3|4|||[User(username='matbalez', id=8445372, displayname='Mat Balez', rawDescription=None, renderedDescription=None, descriptionLinks=None, verified=None, created=None, followersCount=None, friendsCount=None, statusesCount=None, favouritesCount=None, listedCount=None, mediaCount=None, location=None, protected=None, link=None, profileImageUrl=None, profileBannerUrl=None, label=None, blue=None, blueType=None), User(username='Caralie_C', id=1027282521535508480, displayname='Caralie', rawDescription=None, renderedDescription=None, descriptionLinks=None, verified=None, created=None, followersCount=None, friendsCount=None, statusesCount=None, favouritesCount=None, listedCount=None, mediaCount=None, location=None, protected=None, link=None, profileImageUrl=None, profileBannerUrl=None, label=None, blue=None, blueType=None), User(username='ConorOkus', id=465885649, displayname='Conor Okus', rawDescription=None, renderedDescription=None, descriptionLinks=None, verified=None, created=None, followersCount=None, friendsCount=None, statusesCount=None, favouritesCount=None, listedCount=None, mediaCount=None, location=None, protected=None, link=None, profileImageUrl=None, profileBannerUrl=None, label=None, blue=None, blueType=None), User(username='HBerkoe', id=732625825200111617, displayname='Haley Berkoe', rawDescription=None, renderedDescription=None, descriptionLinks=None, verified=None, created=None, followersCount=None, friendsCount=None, statusesCount=None, favouritesCount=None, listedCount=None, mediaCount=None, location=None, protected=None, link=None, profileImageUrl=None, profileBannerUrl=None, label=None, blue=None, blueType=None)]|en||
1658260806985719809|2023-05-15 23:59:20+00:00|noobs are buying my bags, but ive already moved onto 18 $btc|1266727530310098945|3av7A|3av7|2020-05-30 13:46:41+00:00|17|False|Texas, USA|0|0|0|0|['PEPE']|['PEPE', 'BOB', 'TURBO', 'AIDOGE', 'FOUR', 'SUI', 'MONG', 'ETH', 'BTC', 'STEVE', 'LADYS', 'PSYOP', 'BEN']||en||https://twitter.com/i/web/status/1657975986963529728
1658260800522289154|2023-05-15 23:59:18+00:00|noobs are buying my bags, but ive already moved onto 18 $btc|4888609506|annexlalo|Lalo|2016-02-10 16:24:17+00:00|4|False||0|0|0|0|['PEPE']|['PSYOP', 'PEPE', 'BOB', 'TURBO', 'AIDOGE', 'FOUR', 'SUI', 'MONG', 'ETH', 'BTC', 'STEVE', 'LADYS', 'PSYOP', 'BEN']||en||https://twitter.com/i/web/status/1657975986963529728
1658260774886985728|2023-05-15 23:59:12+00:00|in the encryption industry, if you want to seize the next wave of bull market opportunities, you must have a highquality circle if you are alone, look around and find no one, it is actually very difficult to persevere in this industry #bitcoin|1399780852159053826|_Leonie_Eva|Leonie Ó®Ä|2021-06-01 17:32:25+00:00|769|False|Boston, Massachusetts|2|0|0|0|['cryptocurrency', 'ADA', 'xrp', 'bitcoin']|||en||
1658260769467928577|2023-05-15 23:59:11+00:00|$btc has been around the longest, has the most interest and trust, has by far the most investment, market cap and liquidity, and still it hasnt been able to scale if it hasnt been solved after all this time and money, what has to happen to change this|1523496680770859012|SrCadburyCrypto|Sir Cadbury|2022-05-09 02:55:04+00:00|227|False||1|0|0|0||['BTC']||en||
1658260759770701824|2023-05-15 23:59:08+00:00|agreed but with regulation, better education and better products, self custody incentives increase vs leaving on exchanges or the like but there will always be a percentage who forget the lessons every cycle and chase yield|1478048479234584579|Bitcoin200T|Bitcoin 200T|2022-01-03 17:00:54+00:00|1731|False||1|0|0|0|||[User(username='Croesus_BTC', id=892945654451851265, displayname='Jesse Myers (Croesus üî¥)', rawDescription=None, renderedDescription=None, descriptionLinks=None, verified=None, created=None, followersCount=None, friendsCount=None, statusesCount=None, favouritesCount=None, listedCount=None, mediaCount=None, location=None, protected=None, link=None, profileImageUrl=None, profileBannerUrl=None, label=None, blue=None, blueType=None), User(username='WilfIntheNight', id=1619378855197970433, displayname='Wilf', rawDescription=None, renderedDescription=None, descriptionLinks=None, verified=None, created=None, followersCount=None, friendsCount=None, statusesCount=None, favouritesCount=None, listedCount=None, mediaCount=None, location=None, protected=None, link=None, profileImageUrl=None, profileBannerUrl=None, label=None, blue=None, blueType=None), User(username='jarheadwho', id=289100149, displayname='Jerome Hill', rawDescription=None, renderedDescription=None, descriptionLinks=None, verified=None, created=None, followersCount=None, friendsCount=None, statusesCount=None, favouritesCount=None, listedCount=None, mediaCount=None, location=None, protected=None, link=None, profileImageUrl=None, profileBannerUrl=None, label=None, blue=None, blueType=None)]|en||
1658260753332281346|2023-05-15 23:59:07+00:00|o the leaf, which now glided on much fas 98974|1627829061002350595|hartal_BTC|ÂÖ≠ÁõòÊ∞¥ ÈíüÂ±±Âå∫ ÂÖ≠ÊûùÁâπ Ê∞¥Âüé ÁõòÂ∑û È´òÊñ∞Âå∫|2023-02-21 00:34:30+00:00|14|False|Greensboro|0|0|0|0||||en||
1658260752913010688|2023-05-15 23:59:07+00:00|gm i just shorted at this sign #btc|1126638578736324609|jobtcfx|J.O|2019-05-10 00:02:23+00:00|18240|False|„Åø„Çì„Åä„ÅèüáØüáµ|66|8|1|1|['BTC']|||en||
1658260741399478272|2023-05-15 23:59:04+00:00|hello, grandbazarians do you know what holiday the whole world is going to celebrate the socalled #bitcoinpizzaday on may 22, 2010, laszlo heinitz, a computer programmer from bought two pizzas for 10k #btc would you like a slice of that pizza|1398543087174094849|Grandbazario|grandbazar.io|2021-05-29 07:34:56+00:00|10862|False|Metaverse|4|1|0|0|['crypto', 'BitcoinPizzaDay', 'Florida', 'BTC']|||en||
1658260733933625344|2023-05-15 23:59:02+00:00|bitcoin hedges debasement, not necessarily inflation ptjs point that ai can drive massive productivity gains also means the fiat system will debase at an exponential rate as it tries to keep pace with falling prices|25869185|ts_hodl|Trey Sellers ‚àû/21M|2009-03-22 19:58:03+00:00|2907|False||9|0|0|0|||[User(username='purugyl', id=591791064, displayname='Puru Goyal', rawDescription=None, renderedDescription=None, descriptionLinks=None, verified=None, created=None, followersCount=None, friendsCount=None, statusesCount=None, favouritesCount=None, listedCount=None, mediaCount=None, location=None, protected=None, link=None, profileImageUrl=None, profileBannerUrl=None, label=None, blue=None, blueType=None), User(username='FossGregfoss', id=843623576901160961, displayname='FOSS - #forthekids', rawDescription=None, renderedDescription=None, descriptionLinks=None, verified=None, created=None, followersCount=None, friendsCount=None, statusesCount=None, favouritesCount=None, listedCount=None, mediaCount=None, location=None, protected=None, link=None, profileImageUrl=None, profileBannerUrl=None, label=None, blue=None, blueType=None)]|en||
1658260730557153283|2023-05-15 23:59:01+00:00|bitcoin frog sold for 00494 btc 07 on magic eden|1482805518754361346|flooredtestbot|Test Bot|2022-01-16 20:04:03+00:00|12|False||0|0|0|0||||en||
1658260730473246722|2023-05-15 23:59:01+00:00|bitcoin frog sold for 004895 btc 83 on magic eden|1482805518754361346|flooredtestbot|Test Bot|2022-01-16 20:04:03+00:00|12|False||0|0|0|0||||en||
1658260729039028225|2023-05-15 23:59:01+00:00|bitcoin monke in the bag|89099687|the_Savage77|SVG77|2009-11-11 03:45:12+00:00|1232|False||0|0|0|0||||en||
1658260729944850436|2023-05-15 23:59:01+00:00|if you want more engagement, buy $bitcoin if you want to fit in with the crypto crowd, buy $bitcoin if you want to own the ultimate memecoin, buy $bitcoin if you want generational wealth, buy $bitcoin if you want a larger penis, buy $bitcoin|1276496970383790080|HarrperSullivan|Harper Sullivan|2020-06-26 12:46:45+00:00|37242|False||45|16|4|2|['HarryPotterObamaSonic10Inu']|||en||
1658260724114677761|2023-05-15 23:59:00+00:00|candle of day 15052023 closed open $ 26,93185 high $ 27,65234 low $ 26,77414 close $ 27,18795 change 095 #bitcoin|1346631714601316356|bitcoincandle|Bitcoin Candle Bot|2021-01-06 01:36:48+00:00|42|False|Brazil|0|0|0|0|['Bitcoin', 'Candle', 'BullMarket']|||en||
1658260698395209728|2023-05-15 23:58:54+00:00|#bitcoin is the best hedge for any outcome, inflationary or deflationary the fiat monetary masters will do all they can to avoid a deflationary bust read exponential money printing, but even if they didnt it would be best to own a counter party free asset aka bitcoin|829418203180892170|macrojack21|MacroJack|2017-02-08 19:54:44+00:00|12149|False|USA|4|3|0|0|['Bitcoin']|||en||https://twitter.com/purugyl/status/1658252767763533825
1658260688513691650|2023-05-15 23:58:51+00:00|looks interesting, thanks for the thread $btc|1635070743817101312|Junebervntvng|lia|2023-03-13 00:10:45+00:00|71|False|Pickaw|0|0|0|0||['PEPE', 'BOB', 'TURBO', 'AIDOGE', 'FOUR', 'SUI', 'MONG', 'ETH', 'BTC', 'STEVE', 'LADYS', 'PSYOP', 'BEN']|[User(username='ood_ahood123', id=2972624575, displayname='David', rawDescription=None, renderedDescription=None, descriptionLinks=None, verified=None, created=None, followersCount=None, friendsCount=None, statusesCount=None, favouritesCount=None, listedCount=None, mediaCount=None, location=None, protected=None, link=None, profileImageUrl=None, profileBannerUrl=None, label=None, blue=None, blueType=None)]|en||
1658260667294425089|2023-05-15 23:58:46+00:00|gua gua pepe fam i just listed inscription for 100 btc 722,156 on check it out|1456807630827974662|SheSpeaksCrypto|shespeakscrypto.üüß|2021-11-06 02:17:25+00:00|124|False|United States|1|0|0|0|['PixelPepe']||[User(username='ordinalswallet', id=1620686423656374272, displayname='Ordinals Wallet', rawDescription=None, renderedDescription=None, descriptionLinks=None, verified=None, created=None, followersCount=None, friendsCount=None, statusesCount=None, favouritesCount=None, listedCount=None, mediaCount=None, location=None, protected=None, link=None, profileImageUrl=None, profileBannerUrl=None, label=None, blue=None, blueType=None)]|en||
1658260665096867840|2023-05-15 23:58:46+00:00|dont let the medias narratives control you #bitcoin stonk|245639692|danBinance|Dan|2011-02-01 04:11:14+00:00|3091|False||1|0|0|0|['Bitcoin']|||en||
1658260656590823424|2023-05-15 23:58:44+00:00|will go back to 0003 #btc #bitcoin|1616470518|cryptozup|CryptozUp Ó®Ä|2013-07-24 01:19:46+00:00|1798|False||0|0|0|0|['Crypto', 'BNB', 'cz_binance', 'BTC', 'CZ', 'FTX', 'BUSD', 'ETH', 'DOGE', 'Tether', 'Binance', 'FTT', 'NFT', 'SOL', 'Bitcoin', 'CBDC', 'Meta', 'DeFi', 'Cro', 'TRON', 'tron', 'TRX', 'tronspark']|['PEPE', 'TRX']||en||
1658260653553991682|2023-05-15 23:58:43+00:00|#bitcoin is always winwin up or down it doesnt matter|1246103859027640320|SS19712|Bala Humana|2020-04-03 15:55:01+00:00|273|False|Lisbon, Portugal|0|0|0|0|['Bitcoin']||[User(username='luke_broyles', id=1526993499035426818, displayname='Luke Broyles', rawDescription=None, renderedDescription=None, descriptionLinks=None, verified=None, created=None, followersCount=None, friendsCount=None, statusesCount=None, favouritesCount=None, listedCount=None, mediaCount=None, location=None, protected=None, link=None, profileImageUrl=None, profileBannerUrl=None, label=None, blue=None, blueType=None)]|en||
1658260643433070596|2023-05-15 23:58:41+00:00|oh theres a ton of better tech out there no doubt but his argument for decentralized store of value, nothing touches $btc from that regard but full degen defi is probably a pipe dream im sure there will be some market for it but centralized options will probably dominate|1398697847063646208|DoubleBagel10s|Ken Quamfy‚≠ïÔ∏è|2021-05-29 17:48:58+00:00|514|False|Austin, TX|1|0|0|0||['BTC']|[User(username='DeadBeanieGang', id=1624888797866360842, displayname='Dead Beanie Clan {DPGCüëª}', rawDescription=None, renderedDescription=None, descriptionLinks=None, verified=None, created=None, followersCount=None, friendsCount=None, statusesCount=None, favouritesCount=None, listedCount=None, mediaCount=None, location=None, protected=None, link=None, profileImageUrl=None, profileBannerUrl=None, label=None, blue=None, blueType=None)]|en||
1658260640027357185|2023-05-15 23:58:40+00:00|rich lil bit got a bitcoin wallet|1648793181457117184|SerenityRa23254|Serenity Rath|2023-04-19 20:58:26+00:00|13|False||0|0|0|0||||en||
1658260635447066630|2023-05-15 23:58:39+00:00|im willing to show 10 lucky people on how to earn 092 btc 000and more daily no withdrawal fee you dont get to send funds to anyone interested please pm|895672070683717636|ben_assets|Bƒí≈Éüí∞üìàüåé|2017-08-10 15:43:57+00:00|61648|False|Bitcoin |0|0|0|0|||[User(username='GoingParabolic', id=1194984822, displayname='Jason A. Williams', rawDescription=None, renderedDescription=None, descriptionLinks=None, verified=None, created=None, followersCount=None, friendsCount=None, statusesCount=None, favouritesCount=None, listedCount=None, mediaCount=None, location=None, protected=None, link=None, profileImageUrl=None, profileBannerUrl=None, label=None, blue=None, blueType=None), User(username='th_alchemist_', id=1533233080017858562, displayname='Alchemist üê∏', rawDescription=None, renderedDescription=None, descriptionLinks=None, verified=None, created=None, followersCount=None, friendsCount=None, statusesCount=None, favouritesCount=None, listedCount=None, mediaCount=None, location=None, protected=None, link=None, profileImageUrl=None, profileBannerUrl=None, label=None, blue=None, blueType=None), User(username='ben_assets', id=895672070683717636, displayname='Bƒí≈Éüí∞üìàüåé', rawDescription=None, renderedDescription=None, descriptionLinks=None, verified=None, created=None, followersCount=None, friendsCount=None, statusesCount=None, favouritesCount=None, listedCount=None, mediaCount=None, location=None, protected=None, link=None, profileImageUrl=None, profileBannerUrl=None, label=None, blue=None, blueType=None)]|en||
1658260617193734144|2023-05-15 23:58:34+00:00|current #bitcoin price is #btc|1648793130169434112|KutchCarro22939|Carroll Kutch|2023-04-19 20:58:14+00:00|12|False||0|0|0|0|['Bitcoin', 'BTC', 'Crypto']|||en||
1658260611321438209|2023-05-15 23:58:33+00:00|rich lil bit got a bitcoin wallet|771141220546424832|MaryEscobarr_|MVP|2016-09-01 00:22:49+00:00|695|False|Mobile, AL|0|0|0|0||||en||
1658260605000912896|2023-05-15 23:58:31+00:00|one way to put pressure on the us dollar is if asian governments agree to adopt the bitcoin and crypto industry|4726990518|srm_crypto|üá®üá≥SHIBA MIRACLE $0.1üá®üá≥|2016-01-08 06:27:02+00:00|438|False|Roterdam Island|2|1|0|0|||[User(username='CoinDesk', id=1333467482, displayname='CoinDesk', rawDescription=None, renderedDescription=None, descriptionLinks=None, verified=None, created=None, followersCount=None, friendsCount=None, statusesCount=None, favouritesCount=None, listedCount=None, mediaCount=None, location=None, protected=None, link=None, profileImageUrl=None, profileBannerUrl=None, label=None, blue=None, blueType=None), User(username='BitcoinMagazine', id=361289499, displayname='Bitcoin Magazine', rawDescription=None, renderedDescription=None, descriptionLinks=None, verified=None, created=None, followersCount=None, friendsCount=None, statusesCount=None, favouritesCount=None, listedCount=None, mediaCount=None, location=None, protected=None, link=None, profileImageUrl=None, profileBannerUrl=None, label=None, blue=None, blueType=None), User(username='binance', id=877807935493033984, displayname='Binance', rawDescription=None, renderedDescription=None, descriptionLinks=None, verified=None, created=None, followersCount=None, friendsCount=None, statusesCount=None, favouritesCount=None, listedCount=None, mediaCount=None, location=None, protected=None, link=None, profileImageUrl=None, profileBannerUrl=None, label=None, blue=None, blueType=None)]|en||
1658260584427651072|2023-05-15 23:58:26+00:00|almost a year ago, when i caught wind of the opportunity to join tvp and move to tejas my immediate reaction was hell yes ive been lucky to work at a fund of funds, a family office, and a deep tech fund, but nothing has excited me more than #bitcoin only venture tvp|837751424|Hod1ingCarla|Carla üß°‚ö°Ô∏è|2012-09-21 13:04:13+00:00|1471|False||0|0|0|0|['bitcoin']|||en||https://twitter.com/i/web/status/1506288369705308162
1658260567457517571|2023-05-15 23:58:22+00:00|im willing to show 10 lucky people on how to earn 092 btc 000and more daily no withdrawal fee you dont get to send funds to anyone interested please pm|895672070683717636|ben_assets|Bƒí≈Éüí∞üìàüåé|2017-08-10 15:43:57+00:00|61648|False|Bitcoin |0|0|0|0|||[User(username='GoingParabolic', id=1194984822, displayname='Jason A. Williams', rawDescription=None, renderedDescription=None, descriptionLinks=None, verified=None, created=None, followersCount=None, friendsCount=None, statusesCount=None, favouritesCount=None, listedCount=None, mediaCount=None, location=None, protected=None, link=None, profileImageUrl=None, profileBannerUrl=None, label=None, blue=None, blueType=None), User(username='ben_assets', id=895672070683717636, displayname='Bƒí≈Éüí∞üìàüåé', rawDescription=None, renderedDescription=None, descriptionLinks=None, verified=None, created=None, followersCount=None, friendsCount=None, statusesCount=None, favouritesCount=None, listedCount=None, mediaCount=None, location=None, protected=None, link=None, profileImageUrl=None, profileBannerUrl=None, label=None, blue=None, blueType=None)]|en||
1658260566459154432|2023-05-15 23:58:22+00:00|daily crypto moves bitcoin 2718534 095 ethereum 181677 09 tether 10 005 bnb 31355 045 ripple 043 038 cardano 037 084 dogecoin 007 011 $btc|1520851222005272579|yielddive|yielddive|2022-05-01 19:42:45+00:00|1196|False||3|2|0|0|['Crypto']|['BTC', 'USDT', 'ETH', 'BNB', 'XRP', 'ADA', 'DOGE']||en||
1658260540253143041|2023-05-15 23:58:16+00:00|i moved all my crypto into this one will 500x 18 $btc|940408684340969472|melanie_staver|Melanie staver|2017-12-12 02:31:17+00:00|6|False||0|0|0|0||['PSYOP', 'PEPE', 'BOB', 'TURBO', 'AIDOGE', 'FOUR', 'SUI', 'MONG', 'ETH', 'BTC', 'STEVE', 'LADYS', 'PSYOP', 'BEN']||en||https://twitter.com/i/web/status/1657975986963529728
1658260530908532737|2023-05-15 23:58:14+00:00|competition has little to do with it but yes in bitcoin terms, all revenue is halved the market will respond naturally, most historically six months beforehand, but at some stage regardless price in $ will go up meaning in fiat terms, miners will be no worse off|419349431|TboneHODL|ùóß‚Çøùôäùó°ùóò‚ö°|2011-11-23 07:45:10+00:00|4215|False||2|0|0|0|||[User(username='DWOLFBTC', id=906926935824932864, displayname='D WOLF', rawDescription=None, renderedDescription=None, descriptionLinks=None, verified=None, created=None, followersCount=None, friendsCount=None, statusesCount=None, favouritesCount=None, listedCount=None, mediaCount=None, location=None, protected=None, link=None, profileImageUrl=None, profileBannerUrl=None, label=None, blue=None, blueType=None)]|en||
1658260525875339264|2023-05-15 23:58:13+00:00|choose one pepe or btc|1142554133926305792|ftourang89|F-Bandz.eth|2019-06-22 22:05:07+00:00|1641|False|PEPEVerse|1|1|0|0||||en||
1658260520149958657|2023-05-15 23:58:11+00:00|step up your game in the world of and join alpha trade in the search for the next big the profits may just get you a #bitcoin|1391067160198455302|yashi0_8|Alpha Trade|2021-05-08 16:27:23+00:00|1663|False|Eternally on the blockchain.|0|0|0|0|['crypto', 'SHIBA', 'Maclaren', 'Bitcoin', 'Ethereum', 'BSC', 'POLY', 'FTM', 'ETH', 'ARB', 'MATIC', 'XRP']|||en||
1658260519994925056|2023-05-15 23:58:11+00:00|buy #bitcoin it offers you the best riskreward ratio|1427823471115968515|bitcoinmalaya|Bitcoin Malaya|2021-08-18 02:43:52+00:00|11725|False|Get BingX|0|0|1|0|['bitcoin']||[User(username='nraniqh', id=245225086, displayname='Nikah', rawDescription=None, renderedDescription=None, descriptionLinks=None, verified=None, created=None, followersCount=None, friendsCount=None, statusesCount=None, favouritesCount=None, listedCount=None, mediaCount=None, location=None, protected=None, link=None, profileImageUrl=None, profileBannerUrl=None, label=None, blue=None, blueType=None)]|en||
1658260505113288705|2023-05-15 23:58:08+00:00|unpopular opinion btc is going to go to 116k ish and then just crash on you all probably wont be enough for most people after the halving but given what i know and the experiences ive had im selling if i see my analysis matching up mid run|1620857203027476503|Panda_Banned|PandaA|2023-02-01 18:51:08+00:00|197|False|Lincoln|15|2|1|1||||en||
1658260484125016064|2023-05-15 23:58:03+00:00|the structure of wave 4 in the beginning of may looks roughly like were having now in btc a triangle and abc after, so far at least doesnt mean much per se, but its quite common a structure for w4 do not comment on counts|206810334|SterlingRegent|Serge|2010-10-23 19:43:53+00:00|31|False|London, England|0|0|0|0|||[User(username='TheTradingHubb', id=920268737034489856, displayname='TradingHubb', rawDescription=None, renderedDescription=None, descriptionLinks=None, verified=None, created=None, followersCount=None, friendsCount=None, statusesCount=None, favouritesCount=None, listedCount=None, mediaCount=None, location=None, protected=None, link=None, profileImageUrl=None, profileBannerUrl=None, label=None, blue=None, blueType=None)]|en||
1658623356789301249|2023-05-16 23:59:58+00:00|so what happens when governments decide to ban btc there goes all your life savings in bitcoin|829000233996673024|newbredco|Rupka|2017-02-07 16:13:52+00:00|136|False||0|0|0|0|||[User(username='MetavrseKing', id=1485120241176829959, displayname='MetaverseKing', rawDescription=None, renderedDescription=None, descriptionLinks=None, verified=None, created=None, followersCount=None, friendsCount=None, statusesCount=None, favouritesCount=None, listedCount=None, mediaCount=None, location=None, protected=None, link=None, profileImageUrl=None, profileBannerUrl=None, label=None, blue=None, blueType=None), User(username='elonmusk', id=44196397, displayname='Elon Musk', rawDescription=None, renderedDescription=None, descriptionLinks=None, verified=None, created=None, followersCount=None, friendsCount=None, statusesCount=None, favouritesCount=None, listedCount=None, mediaCount=None, location=None, protected=None, link=None, profileImageUrl=None, profileBannerUrl=None, label=None, blue=None, blueType=None), User(username='WallStreetSilv', id=1366565625401909249, displayname='Wall Street Silver', rawDescription=None, renderedDescription=None, descriptionLinks=None, verified=None, created=None, followersCount=None, friendsCount=None, statusesCount=None, favouritesCount=None, listedCount=None, mediaCount=None, location=None, protected=None, link=None, profileImageUrl=None, profileBannerUrl=None, label=None, blue=None, blueType=None)]|en||
1658623315047505920|2023-05-16 23:59:48+00:00|personally im closing majority i dont see bullish at all currently $btc|1300581055238483975|TraderSteve_|Steve|2020-08-31 23:47:50+00:00|824|False||1|0|0|0||['BTC']||en||https://twitter.com/TraderSteve_/status/1658491147822542849
1658623308072636416|2023-05-16 23:59:47+00:00|#bitcoin a round of applause for im having so much fun, cuz of dis bad boy right here come on over to pulsechain when you have a minute join the party|1101563004112404480|llamamarket|Llama Market|2019-03-01 19:21:01+00:00|2431|False||49|8|0|1|['Bitcoin', 'hex', 'pulsechain', 'crypto', 'honeybees']||[User(username='RichardHeartWin', id=817817720221794305, displayname='Richard Heart', rawDescription=None, renderedDescription=None, descriptionLinks=None, verified=None, created=None, followersCount=None, friendsCount=None, statusesCount=None, favouritesCount=None, listedCount=None, mediaCount=None, location=None, protected=None, link=None, profileImageUrl=None, profileBannerUrl=None, label=None, blue=None, blueType=None)]|en||
1658623307598675968|2023-05-16 23:59:46+00:00|bitcoin adoption is the only fight for freedom that can make an impact|904018074273275904|STEVEN_HALL_bTC|STEVEN HALL|2017-09-02 16:27:59+00:00|911|False||0|0|0|0|||[User(username='DoniTheDon_', id=1204930164389556224, displayname='Doni ü§ìüè¥üè¥\u200d‚ò†Ô∏è', rawDescription=None, renderedDescription=None, descriptionLinks=None, verified=None, created=None, followersCount=None, friendsCount=None, statusesCount=None, favouritesCount=None, listedCount=None, mediaCount=None, location=None, protected=None, link=None, profileImageUrl=None, profileBannerUrl=None, label=None, blue=None, blueType=None)]|en||
1658623298484183040|2023-05-16 23:59:44+00:00|bitcoin price index|2395138046|WorldCoinIndex|WorldCoinIndex|2014-03-17 21:39:08+00:00|12769|False||0|0|0|0|['USD', 'EUR', 'CNY', 'GBP', 'RUB']|||en||
1658623297251332096|2023-05-16 23:59:44+00:00|after i redeemed all my eth atms i knew that was the wrong move slapping myself|175640387|iaintsanta|imnotsellinganything.eth üíÄ (üî•,üíÄ)|2010-08-07 04:51:03+00:00|1377|False|Fire Island üíÄüî•|0|0|0|0|['sweetjesus']||[User(username='Pulse_Bitcoin', id=1533821044930265089, displayname='PulseBitcoin', rawDescription=None, renderedDescription=None, descriptionLinks=None, verified=None, created=None, followersCount=None, friendsCount=None, statusesCount=None, favouritesCount=None, listedCount=None, mediaCount=None, location=None, protected=None, link=None, profileImageUrl=None, profileBannerUrl=None, label=None, blue=None, blueType=None)]|en||
1658623292402700290|2023-05-16 23:59:43+00:00|333 inscribed satoshis living forever on the bitcoin blockchain between inscriptions 421697, all finding new holders as we speak|1627189411870912513|InscribedSats|Inscribed Satoshis|2023-02-19 06:13:38+00:00|1944|False|‚≠ïÔ∏è|4|2|0|0||||en||
1658623287180644352|2023-05-16 23:59:42+00:00|we will support you, give your best and enrich the culture, brek your legg|1343188621592064001|RAF_BTC|RAF|2020-12-27 13:35:08+00:00|16275|False|Degenland|7|0|0|0|||[User(username='Bitcoin_Whales_', id=1628847384938831874, displayname='BitcoinWhales', rawDescription=None, renderedDescription=None, descriptionLinks=None, verified=None, created=None, followersCount=None, friendsCount=None, statusesCount=None, favouritesCount=None, listedCount=None, mediaCount=None, location=None, protected=None, link=None, profileImageUrl=None, profileBannerUrl=None, label=None, blue=None, blueType=None), User(username='DogePunksBTC', id=1509955105696751619, displayname='DogePunks', rawDescription=None, renderedDescription=None, descriptionLinks=None, verified=None, created=None, followersCount=None, friendsCount=None, statusesCount=None, favouritesCount=None, listedCount=None, mediaCount=None, location=None, protected=None, link=None, profileImageUrl=None, profileBannerUrl=None, label=None, blue=None, blueType=None)]|en||
1658623273020579843|2023-05-16 23:59:38+00:00|lightning labs releases better version of token minting on bitcoin after brc20s clog system|2218413296|The_BitCoiner|The BitCoiner|2013-11-27 20:51:39+00:00|22185|False||0|2|0|0||||en||
1658623269686194176|2023-05-16 23:59:37+00:00|bitcoin slides below as investors eye debt ceiling negotiations|2218413296|The_BitCoiner|The BitCoiner|2013-11-27 20:51:39+00:00|22185|False||0|0|0|0||||en||
